,Text,label
0,I can't shake off this constant sense of hopelessness.,Depression
1,I'm constantly second-guessing myself and my decisions.,Anxiety Disorder
2,"I'm feeling physically unwell, but I know it's not just that.",Depression
3,I'm desperate to escape the overwhelming fear.,Panic Disorder
4,It's hard to describe the sensation of being trapped in my own fear.,Panic Disorder
5,"I'm avoiding triggers to prevent panic, but it's isolating.",Panic Disorder
6,"My chest feels tight, and I'm struggling to breathe.",Panic Disorder
7,"Some days, it feels like I'm carrying a heavy weight that's hard to explain.",Depression
8,I'm overanalyzing every social interaction.,Anxiety Disorder
9,Trying to navigate conversations when emotions run high.,Anger/ Intermittent Explosive Disorder
10,The challenge is finding ways to handle powerful emotional reactions.,Depression
11,I'm worried that my anger is driving people away from me.,Anger/ Intermittent Explosive Disorder
12,"Even when I want to remain calm, emotions can surge unexpectedly.",Depression
13,I feel like I'm stuck in a cycle of perpetual worry.,Anxiety Disorder
14,I feel like I'm always on the verge of exploding.,Anger/ Intermittent Explosive Disorder
15,I expect others to admire my taste and choices.,Narcissistic Disorder
16,I wish I could manage my anger better.,Anger/ Intermittent Explosive Disorder
17,I'm afraid that my anger will lead me to lose important relationships.,Anger/ Intermittent Explosive Disorder
18,I'm worried that people will see through my facade of confidence.,Anxiety Disorder
19,I often interrupt conversations to redirect the attention to myself.,Narcissistic Disorder
20,"Even when I want to remain calm, emotions can surge unexpectedly.",Anger/ Intermittent Explosive Disorder
21,I wish I had better control over my reactions when I'm angry.,Anger/ Intermittent Explosive Disorder
22,I feel like I'm a disappointment to everyone who cares about me.,Depression
23,I'm overwhelmed by the constant chatter of my anxious thoughts.,Anxiety Disorder
24,"Trying to catch my breath, even when I'm not physically running.",Panic Disorder
25,I'm consumed by the need to be perfect and avoid mistakes.,Anxiety Disorder
26,Trying to balance the intensity of emotions with the desire for harmony.,Anger/ Intermittent Explosive Disorder
27,"Even when I want to stay calm, my emotions can flare up unexpectedly.",Anger/ Intermittent Explosive Disorder
28,I'm trembling and shaking uncontrollably.,Panic Disorder
29,Trying to express my viewpoints with a blend of self-assuredness and empathy.,Narcissistic Disorder
30,Feeling like I'm trapped in a maze of negative thoughts and feelings.,Depression
31,"No matter what I do, I can't escape these feelings.",Depression
32,I feel like my anger is a barrier to intimacy and connection.,Anger/ Intermittent Explosive Disorder
33,"Even in a crowd, I can feel alone, isolated by my own thoughts.",Depression
34,Feeling like my presence elevates any situation.,Narcissistic Disorder
35,It's hard to describe the allure of being admired and envied.,Narcissistic Disorder
36,I'm always anticipating the next source of stress.,Anxiety Disorder
37,It's like my mind is a magnet for all the things that could go wrong.,Anxiety Disorder
38,"The allure of success is irresistible, and I'm determined to achieve it.",Narcissistic Disorder
39,Trying to find small moments of joy amidst the overall struggle.,Depression
40,Trying to find motivation in a world that often feels colorless.,Depression
41,"I'm the best at everything I do, no one can compare.",Narcissistic Disorder
42,I'm avoiding situations that might trigger my panic.,Panic Disorder
43,Feeling like I'm navigating through a world of uncertainty and doubt.,Anxiety Disorder
44,Feeling like I'm carrying a heavy burden that's invisible to everyone else.,Depression
45,I'm convinced that others should be honored to know me.,Narcissistic Disorder
46,I'm constantly battling my own thoughts.,Depression
47,It's hard to describe the inner conviction that I'm deserving of greatness.,Narcissistic Disorder
48,"Feeling like I'm constantly scanning for signs of trouble, even when there's none.",Anxiety Disorder
49,I wish I could find healthier ways to cope with my anger.,Anger/ Intermittent Explosive Disorder
50,"The weight of emotions can be overwhelming, even when they're unspoken.",Depression
51,Feeling like my presence alone can elevate any situation.,Narcissistic Disorder
52,I expect people to validate my emotions and experiences.,Narcissistic Disorder
53,I'm losing interest in everything I used to enjoy.,Depression
54,Feeling like I'm in a constant tug-of-war between my worries and my desire for peace.,Anxiety Disorder
55,I feel entitled to the best of everything because of who I am.,Narcissistic Disorder
56,I'm constantly berating myself for my perceived failures.,Depression
57,I'm terrified of the unpredictability of panic.,Panic Disorder
58,I'm convinced that others should be in awe of me.,Narcissistic Disorder
59,I'm feeling like I'm in a nightmare that I can't wake up from.,Panic Disorder
60,"I'm losing touch with reality, and it's overwhelming.",Panic Disorder
61,I'm terrified of not being able to escape during an attack.,Panic Disorder
62,"Feeling like I'm walking on a tightrope, always teetering on the edge.",Depression
63,"My emotions can be intense and confusing, even to me.",Depression
64,I'm tired of feeling like a prisoner to my own anger.,Anger/ Intermittent Explosive Disorder
65,"The loneliness can be suffocating, even in a room full of people.",Depression
66,"Feeling like I'm living behind a mask, hiding the pain.",Depression
67,I don't think anyone would even notice if I'm gone.,Depression
68,Trying to find outlets for emotional energy that won't cause harm.,Depression
69,The challenge is finding ways to communicate my emotions without overwhelming others.,Anger/ Intermittent Explosive Disorder
70,I'm experiencing a sense of unreality during an attack.,Panic Disorder
71,I'm struggling to find any sense of purpose.,Depression
72,I'm constantly worried that I'm missing something important.,Anxiety Disorder
73,The pressure of managing strong emotions can be exhausting.,Depression
74,I deserve special treatment because I'm exceptional.,Narcissistic Disorder
75,"It's like a cloud of darkness that hangs over me, affecting my perspective.",Depression
76,I'm losing sleep over things that may never happen.,Anxiety Disorder
77,"Even in the safety of my own space, fear can make my heart race.",Panic Disorder
78,"The fear of making a mistake can be paralyzing, leaving me frozen in place.",Anxiety Disorder
79,I expect people to cater to my needs before their own.,Narcissistic Disorder
80,Trying to find moments of peace in a mind that's in turmoil.,Depression
81,It's hard to describe the sensation of being trapped in a cycle of worry.,Anxiety Disorder
82,It's like I'm trying to navigate through a maze of strong emotions.,Anger/ Intermittent Explosive Disorder
83,I'm struggling to find healthy ways to express my frustration.,Anger/ Intermittent Explosive Disorder
84,"The sensation of dread can wash over me in waves, unbidden.",Panic Disorder
85,I'm pushing people away because I feel unworthy of their love.,Depression
86,I feel like I can't escape the grip of anxiety.,Anxiety Disorder
87,"Even in moments of doubt, I know I have a unique perspective.",Narcissistic Disorder
88,Trying to find a way to stop my thoughts from racing in every direction.,Anxiety Disorder
89,"Even in moments of joy, there's a persistent shadow lurking.",Depression
90,I need constant validation and approval from others.,Narcissistic Disorder
91,Feeling like I'm stuck in a loop of dread that won't let go.,Panic Disorder
92,The pursuit of success is a driving force that pushes me forward.,Narcissistic Disorder
93,Trying to find a way to navigate a world that feels uncertain and scary.,Anxiety Disorder
94,I'm experiencing physical pain that matches my emotional pain.,Depression
95,The fear of not being in control can make even routine situations feel daunting.,Anxiety Disorder
96,"My thoughts are racing, and I can't calm them down.",Panic Disorder
97,I wish I could find a way to communicate without resorting to anger.,Anger/ Intermittent Explosive Disorder
98,I'm struggling to explain my panic to others.,Panic Disorder
99,"Sometimes, the smallest decisions feel like they carry the weight of the world.",Anxiety Disorder
100,I'm convinced that my opinions are always the most insightful.,Narcissistic Disorder
101,"Even when there's no immediate danger, the fear can still consume me.",Panic Disorder
102,"It's hard to explain the battle happening within me, day in and day out.",Depression
103,"It's like my mind is a theater, playing out potential dangers on repeat.",Anxiety Disorder
104,Trying to navigate life when my thoughts feel like a maze I can't escape.,Anxiety Disorder
105,Trying to express my self-assuredness while uplifting others.,Narcissistic Disorder
106,I'm constantly anticipating the next panic attack.,Panic Disorder
107,"My body can react as if danger is imminent, even in safe situations.",Panic Disorder
108,The challenge is to defuse intense emotions before they escalate further.,Anger/ Intermittent Explosive Disorder
109,It's hard when the future feels uncertain and scary.,Depression
110,I don't see a future for myself.,Depression
111,"It's like there's a storm inside me, and I'm trying to find calm.",Anger/ Intermittent Explosive Disorder
112,I'm worried about the impact of my anxiety on my relationships.,Anxiety Disorder
113,"It's like I'm constantly waiting for something to go wrong, even when it doesn't.",Panic Disorder
114,I'm quick to criticize others to boost my own self-esteem.,Narcissistic Disorder
115,I feel like I'm suffocating in my own thoughts.,Depression
116,Feeling like I'm constantly trying to stay one step ahead of potential problems.,Anxiety Disorder
117,Trying to find a way to quiet the storm of panic in my mind.,Panic Disorder
118,My anger is like a fire that burns me from the inside.,Anger/ Intermittent Explosive Disorder
119,I can't stand when someone else receives more attention than me.,Narcissistic Disorder
120,It's hard to explain the sensation of being caught in a loop of worry.,Anxiety Disorder
121,The belief in my unique qualities can sometimes be misconstrued.,Narcissistic Disorder
122,The battles happening inside me can be more exhausting than any physical challenge.,Depression
123,I'm living in a fog of numbness.,Depression
124,Trying to balance my confidence with an understanding of others' feelings.,Narcissistic Disorder
125,I'm avoiding places that remind me of past panic attacks.,Panic Disorder
126,I can't escape these negative thoughts.,Depression
127,Trying to quiet the chaos in my mind when everything feels overwhelming.,Anxiety Disorder
128,I'm struggling to find a way to stop the panic.,Panic Disorder
129,The challenge is to find ways to channel intense emotions into positive actions.,Anger/ Intermittent Explosive Disorder
130,Feeling like I'm constantly walking on a tightrope of emotions.,Depression
131,Feeling like I'm carrying a weight of apprehension that's hard to shake.,Anxiety Disorder
132,I'm not interested in people who can't offer me something valuable.,Narcissistic Disorder
133,I'm consumed by worry about things that are beyond my control.,Anxiety Disorder
134,"It's like there's a thunderstorm inside me, waiting to break free.",Anger/ Intermittent Explosive Disorder
135,I'm struggling to concentrate because of my racing thoughts.,Anxiety Disorder
136,I believe I'm entitled to the best treatment in any situation.,Narcissistic Disorder
137,Trying to find ways to cope when emotions surge unexpectedly.,Anger/ Intermittent Explosive Disorder
138,I'm afraid of having a panic attack in public.,Panic Disorder
139,Trying to balance my reactions in a world that can be frustrating.,Depression
140,I can't find any motivation to do things.,Depression
141,I'm tired of losing my temper and hurting others.,Anger/ Intermittent Explosive Disorder
142,Trying to maintain control when emotions threaten to consume me.,Depression
143,It's hard to describe the storm of emotions that can brew within me.,Depression
144,My anger is like a storm that clouds my judgment.,Anger/ Intermittent Explosive Disorder
145,"I'm feeling like I'm on the edge of a cliff, about to fall.",Panic Disorder
146,I feel like my anger is sabotaging my happiness.,Anger/ Intermittent Explosive Disorder
147,I feel like I'm drowning in my own rage.,Anger/ Intermittent Explosive Disorder
148,I expect people to validate my feelings and opinions.,Narcissistic Disorder
149,Getting out of bed can be the most challenging part of the day.,Depression
150,I find it hard to genuinely empathize with others' struggles.,Narcissistic Disorder
151,The mind can be a maze of dark thoughts that's hard to navigate.,Depression
152,Trying to find light in moments when everything seems shrouded in darkness.,Depression
153,It's like I'm grappling with a whirlwind of emotions that won't subside.,Anger/ Intermittent Explosive Disorder
154,I often manipulate others to ensure they admire or adore me.,Narcissistic Disorder
155,The fear of making a mistake can keep me from even trying.,Anxiety Disorder
156,I'm worried that my anger is impacting my physical health.,Anger/ Intermittent Explosive Disorder
157,I'm paralyzed with fear and can't move.,Panic Disorder
158,I wish I could just disappear and not be a bother.,Depression
159,Feeling like I'm on a roller coaster of emotions that won't slow down.,Anxiety Disorder
160,Feeling like I'm carrying a weight of concern that's hard to put down.,Anxiety Disorder
161,"Feeling emotionally exhausted, even after a full night's sleep.",Depression
162,Feeling like I'm a beacon of light in a sea of mediocrity.,Narcissistic Disorder
163,My anger feels like a poison that spreads through me.,Anger/ Intermittent Explosive Disorder
164,Even the smallest tasks can feel like climbing a mountain.,Depression
165,I often talk about my own achievements and talents.,Narcissistic Disorder
166,I expect others to admire and look up to me.,Narcissistic Disorder
167,Feeling like my emotional responses can be disproportionate at times.,Anger/ Intermittent Explosive Disorder
168,I wish I could feel something other than sadness.,Depression
169,Feeling like I'm constantly trying to keep emotions in check.,Anger/ Intermittent Explosive Disorder
170,I'm driven by the need to outshine everyone around me.,Narcissistic Disorder
171,Trying to find outlets for emotional energy that won't cause harm.,Anger/ Intermittent Explosive Disorder
172,The fear of the future can overshadow even the brightest moments.,Anxiety Disorder
173,I feel like I'm drowning in my own fear.,Panic Disorder
174,I'm struggling to find healthy outlets for my anger.,Anger/ Intermittent Explosive Disorder
175,I wish I could escape this prison of my own mind.,Depression
176,I feel like I'm on the verge of a panic attack all the time.,Anxiety Disorder
177,I'm envious of people who seem happy and carefree.,Depression
178,I'm avoiding situations that might make me feel trapped.,Panic Disorder
179,I feel like my anger is a ticking time bomb.,Anger/ Intermittent Explosive Disorder
180,It's hard to explain the magnetic pull I have on others.,Narcissistic Disorder
181,Feeling like my emotions are a force that's hard to contain.,Depression
182,"I can't control my temper, and it scares me.",Anger/ Intermittent Explosive Disorder
183,I feel like my anger is taking over my life.,Anger/ Intermittent Explosive Disorder
184,It's like I'm trying to steer a ship through choppy emotional waters.,Depression
185,I'm constantly searching for strategies to manage my anger.,Anger/ Intermittent Explosive Disorder
186,I'm annoyed when others don't immediately agree with me.,Narcissistic Disorder
187,I'm afraid that I'll be trapped in a situation when a panic attack strikes.,Panic Disorder
188,I'm struggling to find ways to calm myself down when I'm angry.,Anger/ Intermittent Explosive Disorder
189,I can't shake off this feeling of worthlessness.,Depression
190,"It's like I'm always bracing for impact, even when there's no danger.",Panic Disorder
191,"Even in the face of challenges, I know I have what it takes.",Narcissistic Disorder
192,It's hard to describe the restlessness and unease that can take over.,Anxiety Disorder
193,Trying to navigate relationships with the knowledge of my unique qualities.,Narcissistic Disorder
194,Feeling like I'm in a constant battle against my own mind.,Anxiety Disorder
195,I'm avoiding situations that might lead to a panic episode.,Panic Disorder
196,It's hard to describe the feeling of being caught in an emotional whirlpool.,Anger/ Intermittent Explosive Disorder
197,I'm avoiding things I used to love because of the fear of panic.,Panic Disorder
198,Trying to find a way to cope when everything feels heavy.,Depression
199,"Even when challenges arise, I am confident in my ability to overcome.",Narcissistic Disorder
200,I just want this pain to end.,Depression
201,It's hard to describe the emptiness that can fill my days.,Depression
202,"I often put myself first, even if it inconveniences others.",Narcissistic Disorder
203,"Even when I don't want to react strongly, emotions can overpower me.",Depression
204,There are times when the noise in my head is louder than the world around me.,Panic Disorder
205,Feeling like my achievements are proof of my exceptional abilities.,Narcissistic Disorder
206,I don't deserve to be happy.,Depression
207,"Some days, it's like I'm just going through the motions, not really living.",Depression
208,I can't shake off this feeling of impending doom.,Anxiety Disorder
209,I'm worried that my anxious thoughts are taking over my life.,Anxiety Disorder
210,I'm quick to put others down to make myself feel superior.,Narcissistic Disorder
211,I'm worried that my anger is preventing me from living a fulfilling life.,Anger/ Intermittent Explosive Disorder
212,I'm constantly comparing myself to others and feeling inadequate.,Anxiety Disorder
213,I'm avoiding things I used to enjoy because of my anxiety.,Anxiety Disorder
214,Trying to find the balance between self-confidence and humility.,Narcissistic Disorder
215,"I'm just existing, not living.",Depression
216,I'm putting on a mask to hide my pain from others.,Depression
217,"Guilt can be overwhelming, for not being able to 'snap out of it.'",Depression
218,"The ache inside me is deep, like a wound that won't heal.",Depression
219,"Even in moments of calm, my heart can race as if I'm in danger.",Anxiety Disorder
220,I feel like I'm constantly walking on eggshells in my own mind.,Anxiety Disorder
221,I'm struggling to stay grounded during an attack.,Panic Disorder
222,"Feeling like I'm exceptional, with the power to inspire those around me.",Narcissistic Disorder
223,The pressure to make the right decisions can feel suffocating at times.,Anxiety Disorder
224,I don't really care about anything.,Depression
225,It's hard to explain the surge of powerful emotions that sometimes take over.,Depression
226,I'm canceling plans because I don't have the energy to socialize.,Depression
227,"Feeling like I'm constantly on edge, as if danger is always lurking.",Anxiety Disorder
228,Feeling like I'm constantly trying to keep emotions in check.,Depression
229,The pressure to keep emotions in check can be exhausting.,Anger/ Intermittent Explosive Disorder
230,Feeling like my emotional state can be unpredictable at times.,Anger/ Intermittent Explosive Disorder
231,It's like my emotions are on a roller coaster I can't control.,Depression
232,It's like my mind is a magnet for all the potential dangers around me.,Anxiety Disorder
233,I'm experiencing a sense of impending doom.,Panic Disorder
234,I expect others to listen to me and admire my opinions.,Narcissistic Disorder
235,I feel like my anxiety is a never-ending battle.,Anxiety Disorder
236,My anger feels like a heavy weight that I can't shake off.,Anger/ Intermittent Explosive Disorder
237,I'm concerned that my anger is hurting my loved ones.,Anger/ Intermittent Explosive Disorder
238,I get so frustrated that I just lash out without thinking.,Anger/ Intermittent Explosive Disorder
239,I can't escape this darkness.,Depression
240,"Feeling like I'm on edge, as if any moment could set off intense feelings.",Anger/ Intermittent Explosive Disorder
241,"Some moments, it feels like the world is crashing down around me.",Panic Disorder
242,I'm afraid of losing touch with reality completely.,Panic Disorder
243,"I feel so alone, even in a crowd.",Depression
244,I feel entitled to loyalty and admiration from my friends.,Narcissistic Disorder
245,"It's like my feelings can boil over, even when I don't want them to.",Anger/ Intermittent Explosive Disorder
246,Feeling overwhelmed by intense emotions that bubble to the surface.,Anger/ Intermittent Explosive Disorder
247,My anger is like a storm that clouds my judgment.,Anger/ Intermittent Explosive Disorder
248,"I'm so tired all the time, no matter how much I sleep.",Depression
249,"The pain can be constant, like a dull ache that never fades.",Depression
250,I'm afraid of losing my mind during an attack.,Panic Disorder
251,It's hard when my mind feels like a prison I can't escape.,Depression
252,The internal battle can feel like a constant tug-of-war between feelings.,Anger/ Intermittent Explosive Disorder
253,I expect people to recognize my greatness without me having to say it.,Narcissistic Disorder
254,I wish I could explain why I feel sad when everything seems fine.,Depression
255,I feel like I'm alienating those around me with my anger.,Anger/ Intermittent Explosive Disorder
256,"It's tough when the world feels heavy, and I can't explain why.",Depression
257,Trying to balance my innate confidence with empathy for others.,Narcissistic Disorder
258,Trying to find outlets for emotional energy that won't cause harm.,Depression
259,I feel like my anger is ruining my relationships.,Anger/ Intermittent Explosive Disorder
260,The struggle is finding ways to navigate life when emotions are intense.,Depression
261,I can't stand criticism or anything that challenges my greatness.,Narcissistic Disorder
262,It's hard to explain the inner tempest that can brew within me.,Depression
263,Feeling like I'm in a constant battle to control the intensity of my feelings.,Anger/ Intermittent Explosive Disorder
264,I'm constantly monitoring my body for signs of panic.,Panic Disorder
265,I can't remember the last time I genuinely smiled.,Depression
266,I'm irritable and angry for no apparent reason.,Depression
267,"Even in a room full of people, I know my presence is magnetic.",Narcissistic Disorder
268,I feel like I'm going to lose control any second.,Panic Disorder
269,I don't need anyone's help; I can handle everything on my own.,Narcissistic Disorder
270,Feeling like my emotions are on a roller coaster I can't control.,Anger/ Intermittent Explosive Disorder
271,Trying to find a way to calm the storm of thoughts that never seem to settle.,Anxiety Disorder
272,Trying to find a way to escape the cycle of worry that never seems to end.,Anxiety Disorder
273,I'm crying without even knowing why.,Depression
274,I'm struggling to sleep because my mind won't stop racing.,Anxiety Disorder
275,"Even when I want to relax, my mind can keep racing as if danger is imminent.",Anxiety Disorder
276,Trying to navigate relationships when emotions can be overwhelming.,Anger/ Intermittent Explosive Disorder
277,"Feeling like I'm drowning in sadness, unable to find the surface.",Depression
278,Trying to find strength in small victories amidst the struggle.,Depression
279,"Even when everything seems fine, my mind can conjure up doubts and fears.",Anxiety Disorder
280,"I'm always the center of attention, and I love it.",Narcissistic Disorder
281,"Even when I don't want to react strongly, my emotions can surge unexpectedly.",Anger/ Intermittent Explosive Disorder
282,I wish I could find a way to release my anger without causing harm.,Anger/ Intermittent Explosive Disorder
283,I'm always trying to anticipate and prepare for potential problems.,Anxiety Disorder
284,It's hard to explain the battle that goes on within my mind and heart.,Depression
285,"Even when I'm silent, I command the room's focus.",Narcissistic Disorder
286,Trying to express myself confidently without appearing arrogant.,Narcissistic Disorder
287,"The struggle is real, and finding healthy ways to manage emotions is key.",Depression
288,The intensity of fear can make me feel like I'm losing control.,Panic Disorder
289,I'm having a racing mind full of fearful thoughts.,Panic Disorder
290,"Feeling like I'm constantly on guard, waiting for something to happen.",Panic Disorder
291,I feel like my anger is a barrier to my personal growth.,Anger/ Intermittent Explosive Disorder
292,"Feeling like I'm juggling my emotions, trying not to let them take over.",Anger/ Intermittent Explosive Disorder
293,I'm convinced that others envy me and my success.,Narcissistic Disorder
294,The allure of power and success can be a driving force in my journey.,Narcissistic Disorder
295,I'm constantly worrying about things that haven't even happened.,Anxiety Disorder
296,I feel like I'm drowning in a sea of worries.,Anxiety Disorder
297,It's hard to describe the inner struggle of managing powerful emotions.,Depression
298,I'm scared of the consequences of my anger on my life.,Anger/ Intermittent Explosive Disorder
299,It's like I'm grappling with a whirlwind of emotions that won't subside.,Depression
300,I deserve recognition and praise for my achievements.,Narcissistic Disorder
301,I'm terrified that I'm going to die.,Panic Disorder
302,"Even in a room full of people, I know I'm the most captivating.",Narcissistic Disorder
303,I'm convinced that I'm more charming than most people.,Narcissistic Disorder
304,Feeling like my emotional state can be unpredictable at times.,Depression
305,The pressure of keeping emotions in check can sometimes be overwhelming.,Depression
306,It's hard to explain the constant battle happening inside my mind.,Depression
307,Feeling like I'm constantly carrying a backpack of worries everywhere I go.,Anxiety Disorder
308,Trying to find ways to cope with intense feelings without hurting myself or others.,Anger/ Intermittent Explosive Disorder
309,"Trying to hold onto hope, even when it feels out of reach.",Depression
310,I'm struggling to concentrate on anything.,Depression
311,I'm losing interest in the things I used to love.,Depression
312,My anger feels like an anchor that's weighing me down.,Anger/ Intermittent Explosive Disorder
313,I'm faking a smile just to get through the day.,Depression
314,I'm constantly criticizing myself.,Depression
315,I'm naturally more talented and intelligent than most people.,Narcissistic Disorder
316,My anger is like a fire that burns inside me.,Anger/ Intermittent Explosive Disorder
317,I feel like I'm trapped in a never-ending cycle of sadness.,Depression
318,I feel like I'm stuck in this never-ending sadness.,Depression
319,I'm constantly battling the urge to explode in anger.,Anger/ Intermittent Explosive Disorder
320,I'm convinced that I'm more attractive than most people.,Narcissistic Disorder
321,I'm experiencing waves of intense fear that I can't control.,Panic Disorder
322,Feeling like my emotional reactions can be like a roller coaster ride.,Depression
323,My anger is like a storm that takes over my emotions.,Anger/ Intermittent Explosive Disorder
324,I feel like I'm carrying the weight of the world on my shoulders.,Anxiety Disorder
325,"Even when everything's okay, my mind can convince me otherwise.",Anxiety Disorder
326,I feel entitled to attention and recognition at all times.,Narcissistic Disorder
327,It's like I'm trying to steer a ship through choppy emotional waters.,Anger/ Intermittent Explosive Disorder
328,"The pressure to be perfect can be suffocating, leaving no room for mistakes.",Anxiety Disorder
329,The challenge is to find a glimmer of hope in a sea of despair.,Depression
330,The challenge is finding ways to handle powerful emotional reactions.,Anger/ Intermittent Explosive Disorder
331,It's hard to describe the feeling of being caught in an emotional whirlpool.,Depression
332,Feeling like I have the potential to revolutionize my surroundings.,Narcissistic Disorder
333,I feel like I'm trapped in a cycle of anxiety.,Anxiety Disorder
334,"I can't catch my breath, and it's terrifying.",Panic Disorder
335,I'm isolating myself to avoid triggering panic.,Panic Disorder
336,I feel like I'm trapped in a never-ending cycle of panic.,Panic Disorder
337,My anger is like a beast that I can't control.,Anger/ Intermittent Explosive Disorder
338,Feeling like I'm constantly on the edge of emotional eruption.,Anger/ Intermittent Explosive Disorder
339,Trying to navigate life with an understanding of my own strengths.,Narcissistic Disorder
340,"Feeling like I'm walking on a tightrope, one misstep away from disaster.",Anxiety Disorder
341,The tension in my body can feel like I'm carrying an invisible weight.,Panic Disorder
342,"The weight of sadness can be overwhelming, even on seemingly good days.",Depression
343,The allure of success keeps me focused on my goals.,Narcissistic Disorder
344,I'm tired of the regrets that follow my anger outbursts.,Anger/ Intermittent Explosive Disorder
345,I'm annoyed when others don't recognize my superiority.,Narcissistic Disorder
346,The struggle is to find healthy outlets for intense emotional energy.,Anger/ Intermittent Explosive Disorder
347,I'm feeling like my body and mind are betraying me.,Panic Disorder
348,It's hard to explain the inner storm that can brew within me.,Depression
349,I'm unable to experience pleasure from things I used to love.,Depression
350,Feeling like I'm moving in slow motion while life rushes by.,Depression
351,I feel like I'm losing my mind and can't control it.,Panic Disorder
352,It's like I have a fire inside me that flares up unexpectedly.,Depression
353,Trying to find a lifeline when fear threatens to pull me under.,Panic Disorder
354,I expect people to cater to my desires and preferences.,Narcissistic Disorder
355,I'm worried that my anger will damage my reputation.,Anger/ Intermittent Explosive Disorder
356,"I'm constantly irritable, and it's affecting my well-being.",Anger/ Intermittent Explosive Disorder
357,The pursuit of excellence is a lifelong journey.,Narcissistic Disorder
358,"Emotions can feel like a storm, with no clear way out.",Depression
359,I'm afraid that my anger will escalate to a dangerous level.,Anger/ Intermittent Explosive Disorder
360,"It's like my feelings can escalate suddenly, even when I don't want them to.",Depression
361,I feel like I'm trapped in my own body.,Panic Disorder
362,I wish I could find a way to break free from the grip of anger.,Anger/ Intermittent Explosive Disorder
363,Trying to maintain control when emotions threaten to consume me.,Anger/ Intermittent Explosive Disorder
364,I feel like something bad is always about to happen.,Anxiety Disorder
365,"I'm putting on a brave face, but inside, I'm falling apart.",Depression
366,I don't know how to ask for help.,Depression
367,I don't think anyone could ever truly understand what I'm feeling.,Depression
368,It's hard to explain the constant tension that resides within me.,Anxiety Disorder
369,I deserve special treatment because I'm exceptional.,Narcissistic Disorder
370,My anger feels like a never-ending battle.,Anger/ Intermittent Explosive Disorder
371,I'm struggling to find a sense of calm amidst the chaos of my thoughts.,Anxiety Disorder
372,"Trying to be kind to myself, even when my thoughts are cruel.",Depression
373,I'm struggling to find ways to cope with the intensity of my anger.,Anger/ Intermittent Explosive Disorder
374,I'm worried about not being able to manage my anxiety.,Anxiety Disorder
375,I feel like I'm a burden to everyone around me.,Depression
376,I'm feeling like a burden to my own family.,Depression
377,I'm scared that things will never change.,Depression
378,I need to be the best in any group I'm a part of.,Narcissistic Disorder
379,I feel like I'm losing my sanity during an attack.,Panic Disorder
380,I'm struggling to find ways to manage my anger without exploding.,Anger/ Intermittent Explosive Disorder
381,I'm tired of the chaos and turmoil my anger creates.,Anger/ Intermittent Explosive Disorder
382,I expect people to cater to my needs and desires.,Narcissistic Disorder
383,Trying to keep going even when my energy is drained.,Depression
384,"My thoughts can spiral out of control, making everything feel dangerous.",Panic Disorder
385,It's like my confidence is a shining armor that protects me from doubt.,Narcissistic Disorder
386,I'm constantly battling with the urge to lash out.,Anger/ Intermittent Explosive Disorder
387,It's like I'm the main character in a story of triumph and success.,Narcissistic Disorder
388,"The weight of emotions can be overwhelming, even when they're hidden.",Depression
389,"Even when I want to feel happy, a cloud of sadness can linger.",Depression
390,I'm constantly battling with the rage that simmers within me.,Anger/ Intermittent Explosive Disorder
391,Trying to navigate life when my thoughts feel like a maze I can't escape.,Anxiety Disorder
392,I'm constantly bracing myself for the worst outcomes.,Anxiety Disorder
393,The challenge is finding ways to defuse emotions before they escalate.,Anger/ Intermittent Explosive Disorder
394,I'm afraid of the consequences of my anger on my future.,Anger/ Intermittent Explosive Disorder
395,It's hard to describe the turmoil I feel when emotions surge.,Anger/ Intermittent Explosive Disorder
396,I often disregard others' feelings if they conflict with my goals.,Narcissistic Disorder
397,"Feeling like I stand out in a crowd, drawing everyone's attention.",Narcissistic Disorder
398,"Even when everything's okay, my mind can convince me otherwise.",Anxiety Disorder
399,It's like I'm caught in a loop of 'what-ifs' and worst-case scenarios.,Anxiety Disorder
400,I'm focused on being the best at whatever I do.,Narcissistic Disorder
401,"The magnetism of success is undeniable, and I'm drawn to it.",Narcissistic Disorder
402,It's like I'm carrying a weight of emotions that's hard to put down.,Anger/ Intermittent Explosive Disorder
403,"The pain is real, even if it's invisible to others.",Depression
404,Feeling like I'm constantly walking on a tightrope of emotional intensity.,Anger/ Intermittent Explosive Disorder
405,I'm struggling to focus on anything due to the constant chatter of my mind.,Anxiety Disorder
406,Everything feels so overwhelming.,Depression
407,I'm dismissive of people who don't share my interests or views.,Narcissistic Disorder
408,Trying to navigate a world where frustrations can get the best of me.,Anger/ Intermittent Explosive Disorder
409,I'm avoiding situations where I might have to confront my fears.,Anxiety Disorder
410,I'm avoiding situations that might trigger my obsessive thoughts.,Anxiety Disorder
411,The challenge is finding constructive ways to express emotions without causing harm.,Anger/ Intermittent Explosive Disorder
412,I'm worried that my anger is negatively impacting my health.,Anger/ Intermittent Explosive Disorder
413,Feeling like my opinions and insights are unparalleled.,Narcissistic Disorder
414,I'm struggling to manage the fear on my own.,Panic Disorder
415,"The fear of making mistakes can be paralyzing, keeping me from trying.",Anxiety Disorder
416,Feeling like I have the ability to turn dreams into reality.,Narcissistic Disorder
417,My anger feels like a volcano that's about to erupt.,Anger/ Intermittent Explosive Disorder
418,I can't tolerate criticism because it hurts my ego.,Narcissistic Disorder
419,"The fear of the unknown can be paralyzing, holding me back from taking action.",Anxiety Disorder
420,I feel like I'm being consumed by panic.,Panic Disorder
421,Feeling like I'm on a journey destined for fame and glory.,Narcissistic Disorder
422,I'm scared that things will never get better.,Depression
423,I feel entitled to special treatment because of who I am.,Narcissistic Disorder
424,"Feeling like I'm constantly on alert, ready for whatever might go wrong.",Anxiety Disorder
425,It's like I'm a force of nature that can't be ignored.,Narcissistic Disorder
426,"I'm always on high alert, scanning for potential threats.",Anxiety Disorder
427,"My thoughts can become a maze, leading me in circles of panic.",Panic Disorder
428,I struggle to accept my flaws or limitations.,Narcissistic Disorder
429,"Even in moments of uncertainty, I know my potential is limitless.",Narcissistic Disorder
430,It's like I'm a masterpiece that everyone should admire.,Narcissistic Disorder
431,I'm constantly imagining worst-case scenarios.,Anxiety Disorder
432,I can't focus on anything except the panic.,Panic Disorder
433,I'm struggling to make even the simplest decisions.,Depression
434,Trying to find moments of connection in a world that can feel isolating.,Depression
435,It's hard to describe the inner struggle of managing powerful emotions.,Anger/ Intermittent Explosive Disorder
436,"I'm not sure why I feel this way, but it's a constant struggle.",Depression
437,Feeling like my ambitions are connected to a bigger purpose.,Narcissistic Disorder
438,Trying to find my footing when it feels like the ground is shaking.,Panic Disorder
439,There are times when my mind feels like a storm I can't escape.,Panic Disorder
440,The sensation of being trapped in a never-ending cycle of fear is intense.,Panic Disorder
441,I wish I could escape this darkness.,Depression
442,"It's like I'm a beacon, drawing others to my radiant presence.",Narcissistic Disorder
443,Feeling like I'm stuck in a loop of 'what-ifs' and worst-case scenarios.,Anxiety Disorder
444,I wish I could find the light in the darkness I often feel.,Depression
445,Trying to find moments of peace in a sea of restlessness.,Anxiety Disorder
446,The sensation of impending doom can be inescapable and overwhelming.,Panic Disorder
447,I'm unable to think clearly when panic sets in.,Panic Disorder
448,"It's like my mind is a theater, playing worst-case scenarios on repeat.",Anxiety Disorder
449,The allure of achieving greatness pushes me to strive for more.,Narcissistic Disorder
450,I'm avoiding taking risks because of the fear of triggering anxiety.,Anxiety Disorder
451,Trying to find a way to ground myself when my thoughts are all over the place.,Anxiety Disorder
452,I'm worried that my anxiety is holding me back from living my life.,Anxiety Disorder
453,I'm envious of those who receive more attention than I do.,Narcissistic Disorder
454,"Some days, my mind feels like a whirlwind of 'what-ifs' and uncertainties.",Anxiety Disorder
455,It's like a knot in my stomach that won't untangle.,Anxiety Disorder
456,I'm isolating myself because I'm afraid of being rejected.,Depression
457,It's hard to get out of bed in the morning.,Depression
458,I'm worried about embarrassing myself in front of others.,Panic Disorder
459,Trying to maintain composure when emotions threaten to overpower me.,Anger/ Intermittent Explosive Disorder
460,Feeling like I'm constantly walking on a tightrope of emotional intensity.,Depression
461,Feeling like I'm on a path to success that others can't understand.,Narcissistic Disorder
462,I feel like I'm being consumed by an overwhelming darkness.,Panic Disorder
463,I'm convinced that I'm more attractive than most people.,Narcissistic Disorder
464,I'm tired of feeling so out of control when I get angry.,Anger/ Intermittent Explosive Disorder
465,I'm experiencing a surge of adrenaline and can't calm down.,Panic Disorder
466,"Even in moments of doubt, I know my strengths set me apart.",Narcissistic Disorder
467,I feel like I'm pushing people away with my explosive reactions.,Anger/ Intermittent Explosive Disorder
468,Trying to find a way to silence the relentless critic in my head.,Anxiety Disorder
469,"Struggling to sleep, yet feeling exhausted all the time.",Depression
470,"Feeling like I'm standing on the edge of a precipice, afraid to move.",Panic Disorder
471,I wish I could disappear.,Depression
472,I'm avoiding situations that trigger my anxiety.,Anxiety Disorder
473,The pressure of keeping emotions in check can sometimes be overwhelming.,Anger/ Intermittent Explosive Disorder
474,Feeling like I'm in a constant battle to control the intensity of my feelings.,Depression
475,"Some days, I find it hard to focus on anything but my own achievements.",Narcissistic Disorder
476,I find it hard to admit my mistakes or apologize.,Narcissistic Disorder
477,I expect others to go out of their way to please me.,Narcissistic Disorder
478,"I feel like I'm in danger, even when there's no threat.",Panic Disorder
479,The pressure to avoid missteps can keep me from taking steps forward.,Anxiety Disorder
480,"Feeling like I'm on edge, as if any moment could set off intense feelings.",Depression
481,I expect people to listen and agree with what I say.,Narcissistic Disorder
482,"The weight of sadness can be overwhelming, even in a crowded room.",Depression
483,The desire for excellence can be a powerful motivator.,Narcissistic Disorder
484,I wish I could find a way to manage my anger without hurting anyone.,Anger/ Intermittent Explosive Disorder
485,Trying to navigate through days when even simple tasks feel overwhelming.,Depression
486,I'm avoiding triggers even if they're things I used to enjoy.,Panic Disorder
487,Trying to quiet the chaos in my mind when everything feels overwhelming.,Anxiety Disorder
488,I'm avoiding mirrors because I can't stand my own reflection.,Depression
489,I'm avoiding situations where escape might be difficult.,Panic Disorder
490,It's hard to describe the conviction that I am meant for greatness.,Narcissistic Disorder
491,"Even when the odds seem daunting, I remain steadfast in my determination.",Narcissistic Disorder
492,It's like I'm carrying a heavy secret that's eating me up inside.,Depression
493,Feeling like my mind is a radio tuned to worst-case scenarios.,Anxiety Disorder
494,I just want the pain to stop.,Depression
495,I'm avoiding social situations because it's too hard.,Depression
496,"The fear of disappointing others can be overwhelming, even when it's irrational.",Anxiety Disorder
497,I feel like my mind is a never-ending storm of worry.,Anxiety Disorder
498,"Even when nothing's wrong, my mind can be a storm of worry and panic.",Panic Disorder
499,"Some days, my mind feels like it's racing on a never-ending track.",Anxiety Disorder
500,"There are times when my mind is a storm, making it hard to focus.",Panic Disorder
501,I'm plagued by irrational fears that I can't control.,Anxiety Disorder
502,The drive for success can sometimes be all-consuming.,Narcissistic Disorder
503,"It's like a surge of electricity runs through me, jolting my senses.",Panic Disorder
504,"The moments of happiness are fleeting, but the sadness lingers.",Depression
505,The hardest person to be honest with is often myself.,Depression
506,I'm worthless.,Depression
507,"My heart can race as if I'm running a marathon, even while sitting still.",Panic Disorder
508,"I'm not lazy, but sometimes it's hard to find the motivation to do anything.",Depression
509,Trying to find a balance between self-confidence and humility.,Narcissistic Disorder
510,I'm terrified of being alone during a panic episode.,Panic Disorder
511,"Even when I don't want to react strongly, emotions can overpower me.",Anger/ Intermittent Explosive Disorder
512,I'm struggling to find a way to calm my racing thoughts.,Panic Disorder
513,Trying to channel my ambition into positive outcomes.,Narcissistic Disorder
514,The constant worry can feel like a storm cloud hanging over me.,Anxiety Disorder
515,Even the smallest triggers can set off a chain reaction inside me.,Anger/ Intermittent Explosive Disorder
516,Feeling like I deserve nothing less than the best life has to offer.,Narcissistic Disorder
517,"Even in moments of calm, my mind can be a whirlwind of fear.",Panic Disorder
518,Trying to find an anchor when my mind feels like it's drifting away.,Panic Disorder
519,I'm overthinking every little detail and driving myself crazy.,Anxiety Disorder
520,Trying to find a way to silence the critical voice in my head.,Anxiety Disorder
521,"The fear of the unknown can be paralyzing, holding me back from taking action.",Anxiety Disorder
522,I'm crying myself to sleep most nights.,Depression
523,My anger feels like an overpowering force that I can't resist.,Anger/ Intermittent Explosive Disorder
524,Trying to balance the turmoil of emotions with the need for calm.,Anger/ Intermittent Explosive Disorder
525,I wish I could find a way to defuse my anger before it escalates.,Anger/ Intermittent Explosive Disorder
526,Trying to navigate a world that seems full of potential dangers.,Anxiety Disorder
527,The feeling of being exceptional can sometimes be isolating.,Narcissistic Disorder
528,It's like there's a constant storm of worry brewing inside me.,Anxiety Disorder
529,I'm always anticipating the worst outcomes in any situation.,Anxiety Disorder
530,"I'm dizzy and disoriented, and it's frightening.",Panic Disorder
531,I'm afraid of the rage I feel building up inside me.,Anger/ Intermittent Explosive Disorder
532,Feeling like I'm grappling with a torrent of intense emotions.,Anger/ Intermittent Explosive Disorder
533,I'm avoiding social interactions to prevent anxious thoughts.,Anxiety Disorder
534,I find it hard to connect with people who aren't as accomplished as I am.,Narcissistic Disorder
535,I just can't seem to find any joy in things anymore.,Depression
536,I'm paralyzed by fear and can't make decisions.,Anxiety Disorder
537,The allure of success is like a guiding star in my life journey.,Narcissistic Disorder
538,I'm so tired of fighting these thoughts.,Depression
539,Feeling like I'm trying to tame a wild animal inside me.,Anger/ Intermittent Explosive Disorder
540,"Sometimes the world feels gray, and finding color seems impossible.",Depression
541,I'm uncomfortable when I'm not the center of attention.,Narcissistic Disorder
542,It's hard to explain the surge of panic that can strike at any moment.,Anxiety Disorder
543,I feel like I'm a disappointment to everyone.,Depression
544,"I'm constantly grappling with my own anger, trying to contain it.",Anger/ Intermittent Explosive Disorder
545,"The fear can grip me suddenly, making every second feel like an eternity.",Panic Disorder
546,"Feeling emotionally numb, as if I'm disconnected from my own life.",Depression
547,"Even in moments of peace, emotions can bubble beneath the surface.",Anger/ Intermittent Explosive Disorder
548,I don't have the energy to face another day.,Depression
549,Trying to maintain composure when emotions threaten to overpower me.,Depression
550,Trying to find moments of stillness when my thoughts are in constant motion.,Anxiety Disorder
551,I'm worried about the long-term impact of chronic anxiety.,Anxiety Disorder
552,There are moments when my body feels like it's in a state of emergency.,Panic Disorder
553,I often use social media to showcase my achievements and lifestyle.,Narcissistic Disorder
554,I'm withdrawing from people because I don't want to burden them.,Depression
555,Trying to maintain my equilibrium when emotions run high.,Anger/ Intermittent Explosive Disorder
556,Trying to find ways to express my feelings without causing harm.,Anger/ Intermittent Explosive Disorder
557,I'm struggling to keep my thoughts from spiraling out of control.,Panic Disorder
558,Trying to find the delicate balance between confidence and humility.,Narcissistic Disorder
559,"Some days, it's hard to imagine a future where things feel better.",Depression
560,I often take advantage of situations to boost my image.,Narcissistic Disorder
561,The challenge is to communicate my feelings without overwhelming others.,Depression
562,I feel entitled to receive constant admiration from others.,Narcissistic Disorder
563,"Some days, it's a fight just to hold back tears.",Depression
564,"Feeling like I'm suffocating, even when there's enough air to breathe.",Panic Disorder
565,I'm dismissive of people I consider beneath me.,Narcissistic Disorder
566,It's tough when even the simplest tasks become overwhelming.,Depression
567,I'm tired of the guilt that follows my anger outbursts.,Anger/ Intermittent Explosive Disorder
568,I'm annoyed when others don't appreciate my advice.,Narcissistic Disorder
569,I'm terrified of making mistakes and facing consequences.,Anxiety Disorder
570,Trying to strike a harmonious balance between self-confidence and empathy.,Narcissistic Disorder
571,I'm always waiting for the next shoe to drop.,Anxiety Disorder
572,It's like I'm trying to navigate through a maze of strong emotional reactions.,Depression
573,I often compare myself to others to prove my superiority.,Narcissistic Disorder
574,I'm afraid that my anger is damaging my reputation.,Anger/ Intermittent Explosive Disorder
575,"I'm better than most people, and I want them to acknowledge it.",Narcissistic Disorder
576,I feel like I'm trapped in my own mind with my worries.,Anxiety Disorder
577,"I often brag about my possessions, accomplishments, or status.",Narcissistic Disorder
578,"The struggle is real, even when it's not visible to others.",Depression
579,I feel like I'm tangled up in a web of my own anxious thoughts.,Anxiety Disorder
580,"It's like my emotions are an anchor, holding me back from happiness.",Depression
581,"Even in moments of calm, I can feel a storm brewing inside me.",Anger/ Intermittent Explosive Disorder
582,Feeling like my achievements are a testament to my extraordinary abilities.,Narcissistic Disorder
583,Feeling like I'm constantly walking a tightrope of emotional restraint.,Anger/ Intermittent Explosive Disorder
584,Feeling like I'm in a constant dance with my own intense feelings.,Anger/ Intermittent Explosive Disorder
585,Trying to navigate social situations when emotions can run high.,Anger/ Intermittent Explosive Disorder
586,I believe I deserve admiration simply for being me.,Narcissistic Disorder
587,Trying to maintain a smile while feeling broken inside is exhausting.,Depression
588,The fear of judgment can keep me from expressing my true self.,Anxiety Disorder
589,Trying to find ways to diffuse emotional tension before it escalates.,Anger/ Intermittent Explosive Disorder
590,I wish I could communicate my frustrations without getting so angry.,Anger/ Intermittent Explosive Disorder
591,Feeling like my emotional reactions can be like a roller coaster ride.,Anger/ Intermittent Explosive Disorder
592,I feel like I'm losing myself.,Depression
593,It's like I'm walking through life with a heavy heart that never lifts.,Depression
594,"Even when I'm quiet, I know my presence commands attention.",Narcissistic Disorder
595,Even small triggers can set off a chain reaction of intense feelings.,Anger/ Intermittent Explosive Disorder
596,I'm always preparing for the worst-case scenario.,Anxiety Disorder
597,I'm annoyed when others don't acknowledge my superior skills.,Narcissistic Disorder
598,There are times when my body feels like a pressure cooker ready to explode.,Panic Disorder
599,I'm worried that my anger is damaging my self-esteem.,Anger/ Intermittent Explosive Disorder
600,I wish I could find a way to release my anger without causing damage.,Anger/ Intermittent Explosive Disorder
601,I'm worried about the toll panic is taking on my health.,Panic Disorder
602,"Even on good days, there's a lingering feeling of emptiness.",Depression
603,I'm overwhelmed by the constant 'what ifs'.,Anxiety Disorder
604,I find it hard to acknowledge others' strengths or achievements.,Narcissistic Disorder
605,Trying to find outlets for emotional energy that won't cause harm.,Anger/ Intermittent Explosive Disorder
606,I expect people to be grateful for any attention I give them.,Narcissistic Disorder
607,I'm isolating myself from everyone.,Depression
608,Feeling like my potential for greatness is limitless.,Narcissistic Disorder
609,I'm afraid of the damage my anger is causing to myself and others.,Anger/ Intermittent Explosive Disorder
610,I wish I could find the energy to enjoy things like I used to.,Depression
611,Feeling like I'm trapped in a cycle of numbness and pain.,Depression
612,It's hard to explain the feeling of standing at the forefront of life's journey.,Narcissistic Disorder
613,The struggle is to find healthy outlets for intense emotional energy.,Depression
614,It's hard to explain the frustration of not always having emotional control.,Anger/ Intermittent Explosive Disorder
615,"Feeling like I'm constantly on alert, ready for whatever might go wrong.",Anxiety Disorder
616,"The struggle is real, even when I manage to keep moving forward.",Depression
617,The pursuit of success propels me forward with determination.,Narcissistic Disorder
618,I'm always anticipating the next source of anxiety.,Anxiety Disorder
619,Feeling like I'm in a constant dance with my own powerful emotions.,Depression
620,I feel entitled to admiration and attention.,Narcissistic Disorder
621,I'm scared that I'll never be free from this fear.,Panic Disorder
622,I'm avoiding situations that might make me feel vulnerable or exposed.,Anxiety Disorder
623,It's hard to describe the inner certainty that I'm destined for greatness.,Narcissistic Disorder
624,I feel like my anger is a wall that keeps people at a distance.,Anger/ Intermittent Explosive Disorder
625,I'm overwhelmed by even the smallest tasks.,Depression
626,"Some days, my emotions feel like a storm that's hard to control.",Depression
627,I'm terrified of losing control and acting irrationally.,Panic Disorder
628,Feeling like I'm trying to navigate through a world of uncertainty and doubt.,Anxiety Disorder
629,Trying to navigate conversations when emotions run high.,Depression
630,Feeling like I'm in a tug-of-war between my worries and my desire for peace.,Anxiety Disorder
631,I feel like my anger is holding me back from reaching my potential.,Anger/ Intermittent Explosive Disorder
632,Isolation can feel like both a comfort and a curse.,Depression
633,I find it hard to handle rejection or being ignored.,Narcissistic Disorder
634,I wish someone would understand how much I'm hurting.,Depression
635,I can't escape the feeling of being trapped.,Depression
636,Trying to find a way to silence the critical voice in my head.,Anxiety Disorder
637,"The struggle is real, and finding healthy ways to manage emotions is essential.",Anger/ Intermittent Explosive Disorder
638,"My thoughts can become a maze of fear, with no clear way out.",Panic Disorder
639,Trying to find ways to cope with intense feelings without hurting myself or others.,Depression
640,I'm concerned that my anger is damaging my self-esteem.,Anger/ Intermittent Explosive Disorder
641,The belief in my own capabilities fuels my determination.,Narcissistic Disorder
642,It's hard to explain the rush of adrenaline that surges through me.,Panic Disorder
643,I'm terrified of being judged for my irrational fears.,Anxiety Disorder
644,Trying to find the strength to face each day with a hopeful outlook.,Depression
645,It's like I'm wrestling with a whirlwind of powerful emotions.,Depression
646,The rush of anxiety can make it feel like I'm in freefall.,Panic Disorder
647,I often exploit situations to my advantage.,Narcissistic Disorder
648,"Even in calm moments, my mind can race with thoughts of potential danger.",Anxiety Disorder
649,"Even in moments of stillness, my emotions can be a tumultuous sea.",Anger/ Intermittent Explosive Disorder
650,Trying to navigate conversations when emotions can feel overwhelming.,Anger/ Intermittent Explosive Disorder
651,I'm always questioning whether I'm good enough.,Anxiety Disorder
652,I deserve the best of everything because I'm superior.,Narcissistic Disorder
653,Feeling like I'm destined to make a mark on the world.,Narcissistic Disorder
654,The pursuit of greatness propels me forward every day.,Narcissistic Disorder
655,Feeling like I'm walking through a world of uncertainty without a map.,Anxiety Disorder
656,I wish I could find a way to release my anger without hurting others.,Anger/ Intermittent Explosive Disorder
657,I wish I could feel joy and happiness the way I used to.,Depression
658,"Even in moments of stillness, my thoughts can be a whirlwind of unease.",Anxiety Disorder
659,Trying to navigate life with the knowledge that I'm exceptional.,Narcissistic Disorder
660,I'm terrified of not being able to escape a panic-inducing situation.,Panic Disorder
661,"Some days, emotions can feel like a wildfire I struggle to contain.",Anger/ Intermittent Explosive Disorder
662,I'm uncomfortable when others challenge my authority or knowledge.,Narcissistic Disorder
663,I'm entitled to special privileges because I'm unique.,Narcissistic Disorder
664,I'm avoiding new experiences because they trigger my anxiety.,Anxiety Disorder
665,I'm struggling to find ways to cope when I feel overwhelmed by anger.,Anger/ Intermittent Explosive Disorder
666,It's hard to describe the feeling of being trapped in a cycle of worry.,Anxiety Disorder
667,The challenge is keeping a lid on the intensity of my feelings.,Anger/ Intermittent Explosive Disorder
668,Feeling like I'm walking through a world of uncertainty with no map.,Anxiety Disorder
669,"Feeling like I'm running from an invisible threat, even in familiar places.",Panic Disorder
670,I feel like I'm suffocating under the weight of my anxiety.,Anxiety Disorder
671,I'm losing the ability to feel anything but sadness.,Depression
672,Trying to navigate a world where frustrations can get the best of me.,Depression
673,I'm struggling to make plans because I fear an attack.,Panic Disorder
674,I often manipulate situations to make myself look better.,Narcissistic Disorder
675,I can't seem to quiet the constant 'what if' thoughts.,Anxiety Disorder
676,I feel so empty inside.,Depression
677,It's like I'm trying to navigate through a maze of strong emotional reactions.,Anger/ Intermittent Explosive Disorder
678,Trying to find a way to quiet the inner critic that never seems to rest.,Anxiety Disorder
679,I'm constantly checking my body for signs of panic.,Panic Disorder
680,"The overwhelming fear can be paralyzing, holding me back from everything.",Panic Disorder
681,I'm exhausted from battling my own mind.,Depression
682,"Even in moments of calm, I can feel a storm brewing inside me.",Depression
683,I feel like I'm in a constant state of fight or flight.,Panic Disorder
684,I'm avoiding situations that make me feel vulnerable.,Anxiety Disorder
685,It's like my heart races faster than I can keep up with.,Panic Disorder
686,It's like I'm a driving force that propels others forward.,Narcissistic Disorder
687,"I'm always looking for signs of danger, even in safe situations.",Anxiety Disorder
688,I'm dwelling on past mistakes and regrets.,Depression
689,I'm tired of the guilt and shame that come after my anger subsides.,Anger/ Intermittent Explosive Disorder
690,I feel entitled to success and admiration from others.,Narcissistic Disorder
691,"I often feel like an outsider looking in, disconnected from everything.",Depression
692,It's hard to describe the feeling of being trapped within myself.,Depression
693,The pursuit of success is like an ever-burning flame inside me.,Narcissistic Disorder
694,I expect others to recognize my value without me needing to prove it.,Narcissistic Disorder
695,"Even in moments of calm, my heart can race as if I'm in danger.",Anxiety Disorder
696,I believe I'm more deserving of recognition than others.,Narcissistic Disorder
697,Feeling like my innate charisma can light up any room.,Narcissistic Disorder
698,The challenge is finding constructive ways to express emotions without causing harm.,Depression
699,The struggle is maintaining emotional balance in the face of triggers.,Anger/ Intermittent Explosive Disorder
700,I'm worried that my anxiety is making me miss out on opportunities.,Anxiety Disorder
701,"Even in moments of silence, emotions can be a tumultuous sea inside me.",Depression
702,I'm convinced that my loved ones would be better off without me.,Depression
703,Feeling like my emotional responses can catch me off guard.,Anger/ Intermittent Explosive Disorder
704,Trying to hold onto fleeting moments of happiness and connection.,Depression
705,I'm struggling to focus on anything other than my worries.,Anxiety Disorder
706,I'm struggling to find a moment of peace from my anxiety.,Anxiety Disorder
707,"The struggle is real, and finding healthy ways to manage emotions is essential.",Depression
708,I'm consumed by doubt and uncertainty.,Anxiety Disorder
709,I feel like I'm drowning in my own mind.,Depression
710,Trying to exude charisma without overshadowing others.,Narcissistic Disorder
711,I'm avoiding triggers even if they seem harmless to others.,Anxiety Disorder
712,It's like I'm navigating through life's challenges with a heavy heart.,Depression
713,I'm convinced something terrible is about to happen.,Panic Disorder
714,Trying to maintain a balance between self-assuredness and empathy.,Narcissistic Disorder
715,I find it hard to genuinely celebrate others' successes.,Narcissistic Disorder
716,The internal conflict can be like a tug-of-war between calm and turmoil.,Anger/ Intermittent Explosive Disorder
717,I'm haunted by my negative thoughts.,Depression
718,I'm avoiding situations that might make me feel out of control.,Anxiety Disorder
719,I'm constantly seeking reassurance from others.,Anxiety Disorder
720,I'm tired of feeling like a prisoner to my own rage.,Anger/ Intermittent Explosive Disorder
721,I wish I could find the words to explain what's going on inside me.,Depression
722,I wish I could find a way to manage my anger before it escalates.,Anger/ Intermittent Explosive Disorder
723,"The fear of failure can be all-consuming, holding me back from taking risks.",Anxiety Disorder
724,I'm afraid of the impact of my anger on my children.,Anger/ Intermittent Explosive Disorder
725,I expect people to be fascinated by my stories and experiences.,Narcissistic Disorder
726,I feel like I'm constantly battling with my own rage.,Anger/ Intermittent Explosive Disorder
727,I'm afraid that no one will understand what I'm going through.,Panic Disorder
728,Feeling like my emotions are a storm that never quite passes.,Depression
729,I'm avoiding making connections because I'm afraid of getting hurt.,Depression
730,The challenge is to find ways to channel intense emotions into positive actions.,Depression
731,"Even in the quiet moments, my heart races as if I'm in danger.",Panic Disorder
732,I'm avoiding situations that might expose my vulnerabilities.,Anxiety Disorder
733,I'm worried about how others perceive me when I panic.,Panic Disorder
734,Feeling overwhelmed by intense emotions that bubble to the surface.,Depression
735,I'm convinced that my body is betraying me during an attack.,Panic Disorder
736,The challenge is to find stillness in a mind that's always in motion.,Anxiety Disorder
737,I'm worried about the impact of panic on my life.,Panic Disorder
738,I feel like I'm held hostage by my own anxious thoughts.,Anxiety Disorder
739,Trying to find ways to manage emotions without them managing me.,Anger/ Intermittent Explosive Disorder
740,If only I could silence the negative thoughts that never seem to stop.,Depression
741,Some days feel like I'm carrying a heavy weight that no one else can see.,Depression
742,"Even in moments of silence, emotions can be a tumultuous sea inside me.",Anger/ Intermittent Explosive Disorder
743,I'm worried that my anxiety is preventing me from reaching my goals.,Anxiety Disorder
744,Trying to navigate life when my thoughts are a whirlwind of uncertainty.,Anxiety Disorder
745,Feeling like I'm juggling a whirlwind of emotions that threaten to overwhelm.,Depression
746,I feel like I'm trapped in a prison of anxiety.,Anxiety Disorder
747,Trying to find a way to calm the storm of uncertainty in my mind.,Anxiety Disorder
748,I'm consumed by fear and can't escape it.,Panic Disorder
749,I'm avoiding situations that challenge my need for control.,Anxiety Disorder
750,Trying to find a way to slow down the racing thoughts in my head.,Panic Disorder
751,The challenge is finding constructive ways to cope with intense feelings.,Anger/ Intermittent Explosive Disorder
752,I feel like I'm caught in a cycle of panic that won't end.,Panic Disorder
753,The internal battle can be like a seesaw of emotions tipping one way or another.,Anger/ Intermittent Explosive Disorder
754,"Feeling like I'm living underwater, struggling to reach the surface.",Depression
755,Trying to lead by example while acknowledging the strengths of others.,Narcissistic Disorder
756,Trying to find ways to diffuse emotional tension before it escalates.,Depression
757,Even the things I used to enjoy can feel meaningless now.,Depression
758,"I'm constantly on edge, waiting for the other shoe to drop.",Anxiety Disorder
759,I'm afraid of losing control and embarrassing myself.,Panic Disorder
760,I'm convinced that things will never improve.,Depression
761,"I want to change, but my anger seems uncontrollable.",Anger/ Intermittent Explosive Disorder
762,It's hard to explain the surge of powerful emotions that sometimes take over.,Anger/ Intermittent Explosive Disorder
763,I'm avoiding situations that might trigger a panic attack.,Panic Disorder
764,Trying to find a way to ground myself when my thoughts are scattered.,Anxiety Disorder
765,Trying to navigate relationships with the awareness of my unique qualities.,Narcissistic Disorder
766,Feeling like my emotional responses can be like a wild ride.,Anger/ Intermittent Explosive Disorder
767,The pursuit of excellence is a driving factor in my endeavors.,Narcissistic Disorder
768,"It's like I'm constantly waiting for the other shoe to drop, even when it doesn't.",Anxiety Disorder
769,It's like I'm carrying a heavy weight on my chest.,Depression
770,It's like I'm a star shining brightly in a universe of mediocrity.,Narcissistic Disorder
771,I'm avoiding situations that might make me feel out of control.,Anxiety Disorder
772,Feeling like I'm juggling a whirlwind of emotions that threaten to overwhelm.,Anger/ Intermittent Explosive Disorder
773,I expect others to conform to my preferences and opinions.,Narcissistic Disorder
774,It's hard to describe the struggle of managing strong emotions.,Anger/ Intermittent Explosive Disorder
775,I wish I could find a way to channel my anger into something positive.,Anger/ Intermittent Explosive Disorder
776,I'm sweating profusely and can't stop.,Panic Disorder
777,Feeling like my emotions are a force that's hard to contain.,Anger/ Intermittent Explosive Disorder
778,I expect people to be impressed by my status and accomplishments.,Narcissistic Disorder
779,Trying to find moments of peace amidst the turbulence of my thoughts.,Anxiety Disorder
780,I'm not good enough for anything.,Depression
781,"Feeling like I'm a trailblazer, forging a path for others to follow.",Narcissistic Disorder
782,Trying to maintain my self-assuredness without alienating others.,Narcissistic Disorder
783,Feeling like I have the potential to influence and lead others.,Narcissistic Disorder
784,I'm convinced people are judging me during a panic attack.,Panic Disorder
